{"cameraMode":{"drawMode":0,"name":"Shaded","section":"Shading Mode"},"sceneLighting":true,"audioPlay":false,"sceneViewState":{"m_AlwaysRefresh":false,"showFog":true,"showSkybox":true,"showFlares":true,"showImageEffects":true,"showParticleSystems":true,"showVisualEffectGraphs":true,"m_FxEnabled":true},"in2DMode":false,"pivot":{"x":-1.2508807182312012,"y":2.0199451446533205,"z":-12.047561645507813},"rotation":{"x":-0.03175990656018257,"y":0.627180814743042,"z":-0.025608988478779794,"w":-0.7778080701828003},"size":0.04124237969517708,"orthographic":false}