{"cameraMode":{"drawMode":0,"name":"Shaded","section":"Shading Mode"},"sceneLighting":true,"audioPlay":false,"sceneViewState":{"m_AlwaysRefresh":false,"showFog":true,"showSkybox":true,"showFlares":true,"showImageEffects":true,"showParticleSystems":true,"showVisualEffectGraphs":true,"m_FxEnabled":true},"in2DMode":false,"pivot":{"x":8.908947944641114,"y":-0.35350024700164797,"z":12.023213386535645},"rotation":{"x":-0.07284519821405411,"y":-0.620793342590332,"z":0.058095190674066547,"w":-0.7784202694892883},"size":1.8989651203155518,"orthographic":false}