{"cameraMode":{"drawMode":0,"name":"Shaded","section":"Shading Mode"},"sceneLighting":true,"audioPlay":false,"sceneViewState":{"m_AlwaysRefresh":false,"showFog":true,"showSkybox":true,"showFlares":true,"showImageEffects":true,"showParticleSystems":true,"showVisualEffectGraphs":true,"m_FxEnabled":true},"in2DMode":false,"pivot":{"x":-0.07391837984323502,"y":-4.983393669128418,"z":26.260944366455079},"rotation":{"x":0.32838812470436098,"y":-0.23322319984436036,"z":0.0840231254696846,"w":0.9114624857902527},"size":10.344621658325196,"orthographic":false}