{"cameraMode":{"drawMode":0,"name":"Shaded","section":"Shading Mode"},"sceneLighting":false,"audioPlay":false,"sceneViewState":{"m_AlwaysRefresh":false,"showFog":false,"showSkybox":true,"showFlares":true,"showImageEffects":true,"showParticleSystems":true,"showVisualEffectGraphs":true,"m_FxEnabled":true},"in2DMode":false,"pivot":{"x":-40.208072662353519,"y":1.3884515762329102,"z":-0.4214688539505005},"rotation":{"x":0.032783105969429019,"y":-0.6966696977615356,"z":0.03198205307126045,"w":0.7162073850631714},"size":13.388471603393555,"orthographic":false}