{"cameraMode":{"drawMode":0,"name":"Shaded","section":"Shading Mode"},"sceneLighting":true,"audioPlay":false,"sceneViewState":{"m_AlwaysRefresh":false,"showFog":true,"showSkybox":true,"showFlares":true,"showImageEffects":true,"showParticleSystems":true,"showVisualEffectGraphs":true,"m_FxEnabled":true},"in2DMode":false,"pivot":{"x":6.771302223205566,"y":4.046184062957764,"z":12.228265762329102},"rotation":{"x":-0.06904692947864533,"y":-0.07714058458805084,"z":0.00535561190918088,"w":-0.9946149587631226},"size":1.2534849643707276,"orthographic":false}