{"cameraMode":{"drawMode":0,"name":"Shaded","section":"Shading Mode"},"sceneLighting":true,"audioPlay":false,"sceneViewState":{"m_AlwaysRefresh":false,"showFog":true,"showSkybox":true,"showFlares":true,"showImageEffects":true,"showParticleSystems":true,"showVisualEffectGraphs":true,"m_FxEnabled":true},"in2DMode":false,"pivot":{"x":-0.7249751091003418,"y":0.507780909538269,"z":8.984692573547364},"rotation":{"x":0.07273358851671219,"y":-0.5426888465881348,"z":0.047203727066516879,"w":0.8355616927146912},"size":8.752937316894532,"orthographic":false}