{"cameraMode":{"drawMode":0,"name":"Shaded","section":"Shading Mode"},"sceneLighting":true,"audioPlay":false,"sceneViewState":{"m_AlwaysRefresh":false,"showFog":true,"showSkybox":true,"showFlares":true,"showImageEffects":true,"showParticleSystems":true,"showVisualEffectGraphs":true,"m_FxEnabled":true},"in2DMode":false,"pivot":{"x":-4.438307285308838,"y":-1.1028857231140137,"z":16.922744750976564},"rotation":{"x":0.02956397458910942,"y":0.7064471244812012,"z":-0.02954939752817154,"w":0.7065708041191101},"size":1.7146433591842652,"orthographic":false}