{"cameraMode":{"drawMode":0,"name":"Shaded","section":"Shading Mode"},"sceneLighting":false,"audioPlay":false,"sceneViewState":{"m_AlwaysRefresh":false,"showFog":false,"showSkybox":true,"showFlares":true,"showImageEffects":true,"showParticleSystems":true,"showVisualEffectGraphs":true,"m_FxEnabled":true},"in2DMode":false,"pivot":{"x":35.97361373901367,"y":-122.39991760253906,"z":180.2611846923828},"rotation":{"x":-0.33626216650009158,"y":-0.08383026719093323,"z":0.030055033043026925,"w":-0.9377337694168091},"size":101.36737060546875,"orthographic":false}