{"cameraMode":{"drawMode":0,"name":"Shaded","section":"Shading Mode"},"sceneLighting":true,"audioPlay":false,"sceneViewState":{"m_AlwaysRefresh":false,"showFog":true,"showSkybox":true,"showFlares":true,"showImageEffects":true,"showParticleSystems":true,"showVisualEffectGraphs":true,"m_FxEnabled":true},"in2DMode":false,"pivot":{"x":20.159944534301759,"y":3.6864140033721926,"z":16.940250396728517},"rotation":{"x":-0.07730453461408615,"y":0.8815985918045044,"z":-0.15524688363075257,"w":-0.4390007257461548},"size":3.789777994155884,"orthographic":false}