{"cameraMode":{"drawMode":0,"name":"Shaded","section":"Shading Mode"},"sceneLighting":true,"audioPlay":false,"sceneViewState":{"m_AlwaysRefresh":false,"showFog":true,"showSkybox":true,"showFlares":true,"showImageEffects":true,"showParticleSystems":true,"showVisualEffectGraphs":true,"m_FxEnabled":true},"in2DMode":false,"pivot":{"x":8.277156829833985,"y":-0.8031396865844727,"z":17.205913543701173},"rotation":{"x":-0.38288450241088869,"y":-0.08793020993471146,"z":0.03664029762148857,"w":-0.9188749194145203},"size":3.729708671569824,"orthographic":false}