{"cameraMode":{"drawMode":0,"name":"Shaded","section":"Shading Mode"},"sceneLighting":true,"audioPlay":false,"sceneViewState":{"m_AlwaysRefresh":false,"showFog":true,"showSkybox":true,"showFlares":true,"showImageEffects":true,"showParticleSystems":true,"showVisualEffectGraphs":true,"m_FxEnabled":true},"in2DMode":false,"pivot":{"x":8.156026840209961,"y":-9.315433502197266,"z":32.74134826660156},"rotation":{"x":-0.21419478952884675,"y":-0.11146889626979828,"z":0.024611935019493104,"w":-0.9701018333435059},"size":12.797042846679688,"orthographic":false}